Year,School,Coach,Conference,Salary,Season,Wins,Losses,WinPercentage,Location,Capacity,GSR,FSR
2016,Central Florida,George O'Leary,AAC,1890000,2015,0,12,0,"Orlando, Florida",45301,63,87
2015,Southern Methodist,June Jones,AAC,2019718,2014,1,11,8,"Dallas, Texas",32000,62,71
2020,South Florida,Jeff Scott,AAC,2300000,2019,1,8,11,"Tampa, Florida",65857,72,76
2020,Temple,Rod Carey,AAC,2000000,2019,1,6,14,"Philadelphia, Pennsylvania",68532,65,81
2015,Connecticut,Bob Diaco,AAC,1500000,2014,2,10,17,"Storrs, Connecticut",40000,68,79
2019,Connecticut,Randy Edsall,AAC,1100000,2018,2,10,17,"Storrs, Connecticut",40000,68,79
2016,Southern Methodist,Chad Morris,AAC,2095793,2015,2,10,17,"Dallas, Texas",32000,62,71
2015,Tulsa,Bill Blankenship,AAC,759436,2014,2,10,17,"Tulsa, Oklahoma",35542,75,77
2018,Tulsa,Philip Montgomery,AAC,1398038,2017,2,10,17,"Tulsa, Oklahoma",35542,75,77
2017,Connecticut,Bob Diaco,AAC,1700000,2016,3,9,25,"Storrs, Connecticut",40000,68,79
2018,Connecticut,Randy Edsall,AAC,1000000,2017,3,9,25,"Storrs, Connecticut",40000,68,79
2017,East Carolina,Scottie Montgomery,AAC,1102500,2016,3,9,25,"Greenville, North Carolina",50000,67,72
2018,East Carolina,Scottie Montgomery,AAC,1050000,2017,3,9,25,"Greenville, North Carolina",50000,67,72
2015,Tulane,Curtis Johnson,AAC,867000,2014,3,9,25,"New Orleans, Louisiana",30000,69,88
2016,Tulane,Curtis Johnson,AAC,926000,2015,3,9,25,"New Orleans, Louisiana",30000,69,88
2020,Navy,Ken Niumatalolo,AAC,2163000,2019,3,7,30,"Annapolis, Maryland",34000,100,81
2017,Cincinnati,Tommy Tuberville,AAC,2200000,2016,4,8,33,"Cincinnati, Ohio",35000,65,82
2018,Cincinnati,Luke Fickell,AAC,1900000,2017,4,8,33,"Cincinnati, Ohio",35000,65,82
2019,East Carolina,Scottie Montgomery,AAC,1102500,2018,4,8,33,"Greenville, North Carolina",50000,67,72
2020,East Carolina,Mike Houston,AAC,1505000,2019,3,6,33,"Greenville, North Carolina",50000,67,72
2019,Houston,Major Applewhite,AAC,1750000,2018,4,8,33,"Houston, Texas",40000,60,65
2015,South Florida,Willie Taggart,AAC,1150000,2014,4,8,33,"Tampa, Florida",65857,72,76
2019,South Florida,Charlie Strong,AAC,1000000,2018,4,8,33,"Tampa, Florida",65857,72,76
2017,Tulane,Willie Fritz,AAC,1500000,2016,4,8,33,"New Orleans, Louisiana",30000,69,88
2019,Tulsa,Philip Montgomery,AAC,1518177,2018,4,8,33,"Tulsa, Oklahoma",35542,75,77
2020,Houston,Dana Holgorsen,AAC,3800000,2019,3,5,38,"Houston, Texas",40000,60,65
2016,East Carolina,Ruffin McNeill,AAC,1414610,2015,5,7,42,"Greenville, North Carolina",50000,67,72
2017,Southern Methodist,Chad Morris,AAC,2095793,2016,5,7,42,"Dallas, Texas",32000,62,71
2018,Tulane,Willie Fritz,AAC,1500000,2017,5,7,42,"New Orleans, Louisiana",30000,69,88
2017,Central Florida,Scott Frost,AAC,1700000,2016,6,7,46,"Orlando, Florida",45301,63,87
2016,Connecticut,Bob Diaco,AAC,1550000,2015,6,7,46,"Storrs, Connecticut",40000,68,79
2016,Tulsa,Philip Montgomery,AAC,1689000,2015,6,7,46,"Tulsa, Oklahoma",35542,75,77
2015,Temple,Matt Rhule,AAC,500000,2014,6,6,50,"Philadelphia, Pennsylvania",68532,65,81
2020,Tulane,Willie Fritz,AAC,1629000,2019,6,6,50,"New Orleans, Louisiana",30000,69,88
2016,Cincinnati,Tommy Tuberville,AAC,2200000,2015,7,6,54,"Cincinnati, Ohio",35000,65,82
2018,Navy,Ken Niumatalolo,AAC,2000000,2017,7,6,54,"Annapolis, Maryland",34000,100,81
2018,Southern Methodist,Chad Morris,AAC,2095793,2017,7,6,54,"Dallas, Texas",32000,62,71
2018,Temple,Geoff Collins,AAC,2500000,2017,7,6,54,"Philadelphia, Pennsylvania",68532,65,81
2019,Tulane,Willie Fritz,AAC,1629000,2018,7,6,54,"New Orleans, Louisiana",30000,69,88
2018,Houston,Major Applewhite,AAC,1750000,2017,7,5,58,"Houston, Texas",40000,60,65
2020,Central Florida,Josh Heupel,AAC,2300000,2019,6,4,60,"Orlando, Florida",45301,63,87
2015,East Carolina,Ruffin McNeill,AAC,1250000,2014,8,5,62,"Greenville, North Carolina",50000,67,72
2015,Houston,Tony Levine,AAC,1025000,2014,8,5,62,"Houston, Texas",40000,60,65
2017,Memphis,Mike Norvell,AAC,1800000,2016,8,5,62,"Memphis, Tennessee",61008,46,76
2016,South Florida,Willie Taggart,AAC,1150000,2015,8,5,62,"Tampa, Florida",65857,72,76
2019,Temple,Geoff Collins,AAC,3000000,2018,8,5,62,"Philadelphia, Pennsylvania",68532,65,81
2017,Navy,Ken Niumatalolo,AAC,2000000,2016,9,5,64,"Annapolis, Maryland",34000,100,81
2020,Tulsa,Philip Montgomery,AAC,1518177,2019,6,3,67,"Tulsa, Oklahoma",35542,75,77
2015,Central Florida,George O'Leary,AAC,1800000,2014,9,4,69,"Orlando, Florida",45301,63,87
2015,Cincinnati,Tommy Tuberville,AAC,2200000,2014,9,4,69,"Cincinnati, Ohio",35000,65,82
2017,Houston,Tom Herman,AAC,3000000,2016,9,4,69,"Houston, Texas",40000,60,65
2016,Memphis,Justin Fuente,AAC,1400000,2015,9,4,69,"Memphis, Tennessee",61008,46,76
2020,Southern Methodist,Sonny Dykes,AAC,2000000,2019,7,3,70,"Dallas, Texas",32000,62,71
2016,Temple,Matt Rhule,AAC,648633,2015,10,4,71,"Philadelphia, Pennsylvania",68532,65,81
2017,Temple,Matt Rhule,AAC,1041739,2016,10,4,71,"Philadelphia, Pennsylvania",68532,65,81
2020,Memphis,Ryan Silverfield,AAC,1750000,2019,8,3,73,"Memphis, Tennessee",61008,46,76
2019,Central Florida,Josh Heupel,AAC,1700000,2018,10,3,77,"Orlando, Florida",45301,63,87
2015,Memphis,Justin Fuente,AAC,1006779,2014,10,3,77,"Memphis, Tennessee",61008,46,76
2018,Memphis,Mike Norvell,AAC,1860000,2017,10,3,77,"Memphis, Tennessee",61008,46,76
2019,Southern Methodist,Sonny Dykes,AAC,2908000,2018,10,3,77,"Dallas, Texas",32000,62,71
2017,Tulsa,Philip Montgomery,AAC,1518177,2016,10,3,77,"Tulsa, Oklahoma",35542,75,77
2019,Cincinnati,Luke Fickell,AAC,2000000,2018,11,3,79,"Cincinnati, Ohio",35000,65,82
2018,South Florida,Charlie Strong,AAC,1000000,2017,10,2,83,"Tampa, Florida",65857,72,76
2016,Navy,Ken Niumatalolo,AAC,1637803,2015,11,2,85,"Annapolis, Maryland",34000,100,81
2019,Navy,Ken Niumatalolo,AAC,2163000,2018,11,2,85,"Annapolis, Maryland",34000,100,81
2017,South Florida,Willie Taggart,AAC,1700000,2016,11,2,85,"Tampa, Florida",65857,72,76
2019,Memphis,Mike Norvell,AAC,2600000,2018,12,2,86,"Memphis, Tennessee",61008,46,76
2020,Cincinnati,Luke Fickell,AAC,3400000,2019,9,1,90,"Cincinnati, Ohio",35000,65,82
2016,Houston,Tom Herman,AAC,1750000,2015,13,1,93,"Houston, Texas",40000,60,65
2018,Central Florida,Scott Frost,AAC,2000000,2017,13,0,100,"Orlando, Florida",45301,63,87
2020,Syracuse,Dino Babers,ACC,2401206,2019,1,10,9,"Syracuse, New York",49250,70,85
2017,Virginia,Bronco Mendenhall,ACC,3275000,2016,2,10,17,"Charlottesville, Virginia",61500,72,85
2020,Duke,David Cutcliffe,ACC,2540928,2019,2,9,18,"Durham, North Carolina",33941,89,96
2016,Boston College,Steve Addazio,ACC,2585655,2015,3,9,25,"Chestnut Hill, Massachusetts",44500,76,88
2016,Georgia Tech,Paul Johnson,ACC,2800000,2015,3,9,25,"Atlanta, Georgia",55000,73,86
2019,Georgia Tech,Paul Johnson,ACC,3060018,2018,3,9,25,"Atlanta, Georgia",55000,73,86
2018,North Carolina,Larry Fedora,ACC,2290000,2017,3,9,25,"Chapel Hill, North Carolina",63000,48,62
2015,Syracuse,Scott Shafer,ACC,1300000,2014,3,9,25,"Syracuse, New York",49250,70,85
2015,Wake Forest,Dave Clawson,ACC,2113166,2014,3,9,25,"Winston-Salem, North Carolina",31500,74,89
2016,Wake Forest,Dave Clawson,ACC,1827370,2015,3,9,25,"Winston-Salem, North Carolina",31500,74,89
2020,Georgia Tech,Geoff Collins,ACC,3100000,2019,3,7,30,"Atlanta, Georgia",55000,73,86
2017,Duke,David Cutcliffe,ACC,2540928,2016,4,8,33,"Durham, North Carolina",33941,89,96
2020,Florida State,Mike Norvell,ACC,4000000,2019,3,6,33,"Tallahassee, Florida",82300,52,65
2019,North Carolina State,Dave Doeren,ACC,3000000,2018,4,8,33,"Raleigh, North Carolina",57583,61,74
2016,Syracuse,Scott Shafer,ACC,1302721,2015,4,8,33,"Syracuse, New York",49250,70,85
2017,Syracuse,Dino Babers,ACC,2200000,2016,4,8,33,"Syracuse, New York",49250,70,85
2018,Syracuse,Dino Babers,ACC,2200000,2017,4,8,33,"Syracuse, New York",49250,70,85
2016,Virginia,Mike London,ACC,3196724,2015,4,8,33,"Charlottesville, Virginia",61500,72,85
2020,Louisville,Scott Satterfield,ACC,3250000,2019,4,7,36,"Louisville, Kentucky",55000,77,86
2019,Duke,David Cutcliffe,ACC,2540928,2018,5,7,42,"Durham, North Carolina",33941,89,96
2018,Pittsburgh,Pat Narduzzi,ACC,1827735,2017,5,7,42,"Pittsburgh, Pennsylvania",65050,49,75
2019,Syracuse,Dino Babers,ACC,2401206,2018,5,7,42,"Syracuse, New York",49250,70,85
2015,Virginia,Mike London,ACC,2298413,2014,5,7,42,"Charlottesville, Virginia",61500,72,85
2020,Wake Forest,Dave Clawson,ACC,1831580,2019,4,5,44,"Winston-Salem, North Carolina",31500,74,89
2018,Georgia Tech,Paul Johnson,ACC,2970891,2017,5,6,45,"Atlanta, Georgia",55000,73,86
2020,Virginia Tech,Justin Fuente,ACC,4250000,2019,5,6,45,"Blacksburg, Virginia",66233,78,62
2019,Boston College,Steve Addazio,ACC,2514859,2018,6,7,46,"Chestnut Hill, Massachusetts",44500,76,88
2019,Florida State,Willie Taggart,ACC,5000000,2018,6,7,46,"Tallahassee, Florida",82300,52,65
2015,Miami (Fla.),Al Golden,ACC,2250943,2014,6,7,46,"Coral Gables, Florida",75504,59,82
2019,Miami (Fla.),Mark Richt,ACC,4058061,2018,6,7,46,"Coral Gables, Florida",75504,59,82
2015,North Carolina,Larry Fedora,ACC,1830000,2014,6,7,46,"Chapel Hill, North Carolina",63000,48,62
2015,Pittsburgh,Paul Chryst,ACC,1578757,2014,6,7,46,"Pittsburgh, Pennsylvania",65050,49,75
2018,Virginia,Bronco Mendenhall,ACC,3400000,2017,6,7,46,"Charlottesville, Virginia",61500,72,85
2020,Virginia,Bronco Mendenhall,ACC,4100000,2019,5,5,50,"Charlottesville, Virginia",61500,72,85
2015,Boston College,Steve Addazio,ACC,2448949,2014,7,6,54,"Chestnut Hill, Massachusetts",44500,76,88
2017,Boston College,Steve Addazio,ACC,2514859,2016,7,6,54,"Chestnut Hill, Massachusetts",44500,76,88
2018,Boston College,Steve Addazio,ACC,2448949,2017,7,6,54,"Chestnut Hill, Massachusetts",44500,76,88
2018,Duke,David Cutcliffe,ACC,2613638,2017,7,6,54,"Durham, North Carolina",33941,89,96
2018,Florida State,Jimbo Fisher,ACC,5700000,2017,7,6,54,"Tallahassee, Florida",82300,52,65
2019,North Carolina,Larry Fedora,ACC,2575000,2018,7,6,54,"Chapel Hill, North Carolina",63000,48,62
2016,North Carolina State,Dave Doeren,ACC,2200000,2015,7,6,54,"Raleigh, North Carolina",57583,61,74
2017,North Carolina State,Dave Doeren,ACC,2200000,2016,7,6,54,"Raleigh, North Carolina",57583,61,74
2015,Virginia Tech,Frank Beamer,ACC,2420913,2014,7,6,54,"Blacksburg, Virginia",66233,78,62
2016,Virginia Tech,Frank Beamer,ACC,2535925,2015,7,6,54,"Blacksburg, Virginia",66233,78,62
2017,Wake Forest,Dave Clawson,ACC,2113166,2016,7,6,54,"Winston-Salem, North Carolina",31500,74,89
2020,Boston College,Jeff Hafley,ACC,3000000,2019,6,5,55,"Chestnut Hill, Massachusetts",44500,76,88
2020,Pittsburgh,Pat Narduzzi,ACC,3200000,2019,6,5,55,"Pittsburgh, Pennsylvania",65050,49,75
2016,Duke,David Cutcliffe,ACC,2049055,2015,8,5,62,"Durham, North Carolina",33941,89,96
2016,Louisville,Bobby Petrino,ACC,3000000,2015,8,5,62,"Louisville, Kentucky",55000,77,86
2018,Louisville,Bobby Petrino,ACC,3930434,2017,8,5,62,"Louisville, Kentucky",55000,77,86
2019,Louisville,Bobby Petrino,ACC,3980434,2018,8,5,62,"Louisville, Kentucky",55000,77,86
2016,Miami (Fla.),Al Golden,ACC,2539315,2015,8,5,62,"Coral Gables, Florida",75504,59,82
2017,North Carolina,Larry Fedora,ACC,1986265,2016,8,5,62,"Chapel Hill, North Carolina",63000,48,62
2015,North Carolina State,Dave Doeren,ACC,1800000,2014,8,5,62,"Raleigh, North Carolina",57583,61,74
2016,Pittsburgh,Pat Narduzzi,ACC,1827735,2015,8,5,62,"Pittsburgh, Pennsylvania",65050,49,75
2017,Pittsburgh,Pat Narduzzi,ACC,1827735,2016,8,5,62,"Pittsburgh, Pennsylvania",65050,49,75
2019,Pittsburgh,Pat Narduzzi,ACC,3017718,2018,8,5,62,"Pittsburgh, Pennsylvania",65050,49,75
2019,Virginia Tech,Justin Fuente,ACC,4000000,2018,8,5,62,"Blacksburg, Virginia",66233,78,62
2018,Wake Forest,Dave Clawson,ACC,1827370,2017,8,5,62,"Winston-Salem, North Carolina",31500,74,89
2019,Wake Forest,Dave Clawson,ACC,1831580,2018,8,5,62,"Winston-Salem, North Carolina",31500,74,89
2019,Virginia,Bronco Mendenhall,ACC,3550000,2018,9,5,64,"Charlottesville, Virginia",61500,72,85
2020,North Carolina,Mack Brown,ACC,3500000,2019,8,4,67,"Chapel Hill, North Carolina",63000,48,62
2020,North Carolina State,Dave Doeren,ACC,3250000,2019,8,4,67,"Raleigh, North Carolina",57583,61,74
2015,Duke,David Cutcliffe,ACC,1840341,2014,9,4,69,"Durham, North Carolina",33941,89,96
2017,Georgia Tech,Paul Johnson,ACC,2884361,2016,9,4,69,"Atlanta, Georgia",55000,73,86
2015,Louisville,Bobby Petrino,ACC,3000000,2014,9,4,69,"Louisville, Kentucky",55000,77,86
2017,Louisville,Bobby Petrino,ACC,3880434,2016,9,4,69,"Louisville, Kentucky",55000,77,86
2017,Miami (Fla.),Mark Richt,ACC,4058061,2016,9,4,69,"Coral Gables, Florida",75504,59,82
2018,North Carolina State,Dave Doeren,ACC,2212600,2017,9,4,69,"Raleigh, North Carolina",57583,61,74
2018,Virginia Tech,Justin Fuente,ACC,3250000,2017,9,4,69,"Blacksburg, Virginia",66233,78,62
2017,Virginia Tech,Justin Fuente,ACC,3200000,2016,10,4,71,"Blacksburg, Virginia",66233,78,62
2020,Miami (Fla.),Manny Diaz,ACC,3100000,2019,8,3,73,"Coral Gables, Florida",75504,59,82
2015,Clemson,Dabo Swinney,ACC,3150000,2014,10,3,77,"Clemson, South Carolina",81500,70,87
2016,Florida State,Jimbo Fisher,ACC,5150000,2015,10,3,77,"Tallahassee, Florida",82300,52,65
2017,Florida State,Jimbo Fisher,ACC,5250000,2016,10,3,77,"Tallahassee, Florida",82300,52,65
2018,Miami (Fla.),Mark Richt,ACC,4058061,2017,10,3,77,"Coral Gables, Florida",75504,59,82
2015,Georgia Tech,Paul Johnson,ACC,2588000,2014,11,3,79,"Atlanta, Georgia",55000,73,86
2016,North Carolina,Larry Fedora,ACC,1931000,2015,11,3,79,"Chapel Hill, North Carolina",63000,48,62
2020,Clemson,Dabo Swinney,ACC,8258575,2019,10,2,83,"Clemson, South Carolina",81500,70,87
2020,Notre Dame,Brian Kelly,ACC,2129638,2019,10,2,83,"Notre Dame, Indiana",80795,87,95
2018,Clemson,Dabo Swinney,ACC,8504600,2017,12,2,86,"Clemson, South Carolina",81500,70,87
2016,Clemson,Dabo Swinney,ACC,3300000,2015,14,1,93,"Clemson, South Carolina",81500,70,87
2017,Clemson,Dabo Swinney,ACC,6205000,2016,14,1,93,"Clemson, South Carolina",81500,70,87
2019,Clemson,Dabo Swinney,ACC,6543350,2018,14,1,93,"Clemson, South Carolina",81500,70,87
2015,Florida State,Jimbo Fisher,ACC,3591667,2014,13,1,93,"Tallahassee, Florida",82300,52,65
2016,Kansas,David Beaty,Big12,801169,2015,0,12,0,"Lawrence, Kansas",50071,62,78
2020,Kansas,Les Miles,Big12,3450000,2019,0,9,0,"Lawrence, Kansas",50071,62,78
2018,Baylor,Matt Rhule,Big12,1000000,2017,1,11,8,"Waco, Texas",45140,66,87
2018,Kansas,David Beaty,Big12,1701109,2017,1,11,8,"Lawrence, Kansas",50071,62,78
2015,Iowa State,Paul Rhoads,Big12,1800000,2014,2,10,17,"Ames, Iowa",55000,62,82
2017,Kansas,David Beaty,Big12,1601109,2016,2,10,17,"Lawrence, Kansas",50071,62,78
2020,Baylor,Dave Aranda,Big12,2500000,2019,2,7,22,"Waco, Texas",45140,66,87
2016,Iowa State,Paul Rhoads,Big12,2200000,2015,3,9,25,"Ames, Iowa",55000,62,82
2017,Iowa State,Matt Campbell,Big12,2000000,2016,3,9,25,"Ames, Iowa",55000,62,82
2015,Kansas,Charlie Weis,Big12,2500000,2014,3,9,25,"Lawrence, Kansas",50071,62,78
2019,Kansas,David Beaty,Big12,2775000,2018,3,9,25,"Lawrence, Kansas",50071,62,78
2015,Texas Tech,Kliff Kingsbury,Big12,2605000,2014,4,8,33,"Lubbock, Texas",58930,65,76
2019,Texas Tech,Kliff Kingsbury,Big12,3703975,2018,4,8,33,"Lubbock, Texas",58930,65,76
2020,Kansas State,Chris Klieman,Big12,2500000,2019,4,6,40,"Manhattan, Kansas",50300,64,82
2020,Texas Tech,Matt Wells,Big12,3000000,2019,4,6,40,"Lubbock, Texas",58930,65,76
2016,Texas,Charlie Strong,Big12,5100000,2015,5,7,42,"Austin, Texas",100119,67,78
2017,Texas,Charlie Strong,Big12,5200000,2016,5,7,42,"Austin, Texas",100119,67,78
2019,Texas Christian,Gary Patterson,Big12,4840717,2018,5,7,42,"Fort Worth, Texas",46000,58,70
2017,Texas Tech,Kliff Kingsbury,Big12,3306575,2016,5,7,42,"Lubbock, Texas",58930,65,76
2019,West Virginia,Dana Holgorsen,Big12,3617500,2018,5,7,42,"Morgantown, West Virginia",60000,60,65
2016,Kansas State,Bill Snyder,Big12,3000000,2015,6,7,46,"Manhattan, Kansas",50300,64,82
2015,Texas,Charlie Strong,Big12,5000000,2014,6,7,46,"Austin, Texas",100119,67,78
2017,Texas Christian,Gary Patterson,Big12,4014723,2016,6,7,46,"Fort Worth, Texas",46000,58,70
2018,Texas Tech,Kliff Kingsbury,Big12,3503975,2017,6,7,46,"Lubbock, Texas",58930,65,76
2017,Baylor,Jim Grobe,Big12,1250000,2016,7,6,54,"Waco, Texas",45140,66,87
2019,Iowa State,Matt Campbell,Big12,3500000,2018,7,6,54,"Ames, Iowa",55000,62,82
2015,Oklahoma State,Mike Gundy,Big12,3500000,2014,7,6,54,"Stillwater, Oklahoma",60218,36,46
2018,Texas,Tom Herman,Big12,5486316,2017,7,6,54,"Austin, Texas",100119,67,78
2016,Texas Tech,Kliff Kingsbury,Big12,3108000,2015,7,6,54,"Lubbock, Texas",58930,65,76
2015,West Virginia,Dana Holgorsen,Big12,3080000,2014,7,6,54,"Morgantown, West Virginia",60000,60,65
2018,West Virginia,Dana Holgorsen,Big12,3505000,2017,7,6,54,"Morgantown, West Virginia",60000,60,65
2020,Texas Christian,Gary Patterson,Big12,4900000,2019,6,4,60,"Fort Worth, Texas",46000,58,70
2020,West Virginia,Neal Brown,Big12,3105000,2019,6,4,60,"Morgantown, West Virginia",60000,60,65
2018,Iowa State,Matt Campbell,Big12,2100000,2017,8,5,62,"Ames, Iowa",55000,62,82
2018,Kansas State,Bill Snyder,Big12,3200000,2017,8,5,62,"Manhattan, Kansas",50300,64,82
2019,Kansas State,Bill Snyder,Big12,3500000,2018,8,5,62,"Manhattan, Kansas",50300,64,82
2015,Oklahoma,Bob Stoops,Big12,5058333,2014,8,5,62,"Norman, Oklahoma",82112,59,76
2019,Oklahoma State,Mike Gundy,Big12,5000000,2018,8,5,62,"Stillwater, Oklahoma",60218,36,46
2019,Texas,Tom Herman,Big12,5500000,2018,8,5,62,"Austin, Texas",100119,67,78
2016,West Virginia,Dana Holgorsen,Big12,2880000,2015,8,5,62,"Morgantown, West Virginia",60000,60,65
2015,Kansas State,Bill Snyder,Big12,2900000,2014,9,4,69,"Manhattan, Kansas",50300,64,82
2017,Kansas State,Bill Snyder,Big12,3100000,2016,9,4,69,"Manhattan, Kansas",50300,64,82
2020,Texas,Tom Herman,Big12,6000000,2019,7,3,70,"Austin, Texas",100119,67,78
2020,Oklahoma State,Mike Gundy,Big12,4250000,2019,8,3,73,"Stillwater, Oklahoma",60218,36,46
2020,Iowa State,Matt Campbell,Big12,3700000,2019,9,3,75,"Ames, Iowa",55000,62,82
2016,Baylor,Art Briles,Big12,4236073,2015,10,3,77,"Waco, Texas",45140,66,87
2016,Oklahoma State,Mike Gundy,Big12,3650000,2015,10,3,77,"Stillwater, Oklahoma",60218,36,46
2017,Oklahoma State,Mike Gundy,Big12,3775000,2016,10,3,77,"Stillwater, Oklahoma",60218,36,46
2018,Oklahoma State,Mike Gundy,Big12,4200000,2017,10,3,77,"Stillwater, Oklahoma",60218,36,46
2017,West Virginia,Dana Holgorsen,Big12,3605000,2016,10,3,77,"Morgantown, West Virginia",60000,60,65
2019,Baylor,Matt Rhule,Big12,1000000,2018,11,3,79,"Waco, Texas",45140,66,87
2018,Texas Christian,Gary Patterson,Big12,5104077,2017,11,3,79,"Fort Worth, Texas",46000,58,70
2020,Oklahoma,Lincoln Riley,Big12,6507143,2019,9,2,82,"Norman, Oklahoma",82112,59,76
2015,Baylor,Art Briles,Big12,3135146,2014,11,2,85,"Waco, Texas",45140,66,87
2016,Oklahoma,Bob Stoops,Big12,5400000,2015,11,2,85,"Norman, Oklahoma",82112,59,76
2017,Oklahoma,Bob Stoops,Big12,5550000,2016,11,2,85,"Norman, Oklahoma",82112,59,76
2016,Texas Christian,Gary Patterson,Big12,3940026,2015,11,2,85,"Fort Worth, Texas",46000,58,70
2018,Oklahoma,Lincoln Riley,Big12,2116666,2017,12,2,86,"Norman, Oklahoma",82112,59,76
2019,Oklahoma,Lincoln Riley,Big12,4800000,2018,12,2,86,"Norman, Oklahoma",82112,59,76
2015,Texas Christian,Gary Patterson,Big12,4008150,2014,12,1,92,"Fort Worth, Texas",46000,58,70
2015,Liberty,Turner Gill,BigSouth,750116,2014,6,5,55,"Lynchburg, VA",25000,66,71
2016,Liberty,Turner Gill,BigSouth,716216,2015,6,5,55,"Lynchburg, VA",25000,66,71
2017,Liberty,Turner Gill,BigSouth,809072,2016,6,5,55,"Lynchburg, VA",25000,66,71
2018,Illinois,Lovie Smith,BigTen,3000000,2017,2,10,17,"Champaign, Illinois",60670,65,81
2016,Purdue,Darrell Hazell,BigTen,2140000,2015,2,10,17,"West Lafayette, Indiana",62500,64,77
2017,Rutgers,Chris Ash,BigTen,2000000,2016,2,10,17,"Piscataway, New Jersey",52454,55,78
2019,Rutgers,Chris Ash,BigTen,2200000,2018,2,10,17,"Piscataway, New Jersey",52454,55,78
2017,Illinois,Lovie Smith,BigTen,1809179,2016,3,9,25,"Champaign, Illinois",60670,65,81
2020,Illinois,Lovie Smith,BigTen,4000000,2019,2,6,25,"Champaign, Illinois",60670,65,81
2016,Maryland,Randy Edsall,BigTen,2110648,2015,3,9,25,"College Park, Maryland",51500,66,84
2019,Maryland,DJ Durkin,BigTen,2512000,2018,3,9,25,"College Park, Maryland",51500,66,84
2017,Michigan State,Mark Dantonio,BigTen,4300000,2016,3,9,25,"East Lansing, Michigan",75005,67,82
2019,Northwestern,Pat Fitzgerald,BigTen,3619775,2018,3,9,25,"Evanston, Illinois",49256,92,99
2015,Purdue,Darrell Hazell,BigTen,2090000,2014,3,9,25,"West Lafayette, Indiana",62500,64,77
2017,Purdue,Darrell Hazell,BigTen,2190000,2016,3,9,25,"West Lafayette, Indiana",62500,64,77
2020,Michigan State,Mel Tucker,BigTen,5057000,2019,2,5,29,"East Lansing, Michigan",75005,67,82
2015,Indiana,Kevin Wilson,BigTen,1301644,2014,4,8,33,"Bloomington, Indiana",52929,68,83
2018,Maryland,DJ Durkin,BigTen,2462000,2017,4,8,33,"College Park, Maryland",51500,66,84
2020,Michigan,Jim Harbaugh,BigTen,8054000,2019,2,4,33,"Ann Arbor, Michigan",106201,69,87
2018,Nebraska,Mike Riley,BigTen,2900000,2017,4,8,33,"Lincoln, Nebraska",81091,72,82
2019,Purdue,Jeff Brohm,BigTen,3800000,2018,4,8,33,"West Lafayette, Indiana",62500,64,77
2020,Purdue,Jeff Brohm,BigTen,4800000,2019,2,4,33,"West Lafayette, Indiana",62500,64,77
2016,Rutgers,Kyle Flood,BigTen,1250000,2015,4,8,33,"Piscataway, New Jersey",52454,55,78
2018,Rutgers,Chris Ash,BigTen,2100000,2017,4,8,33,"Piscataway, New Jersey",52454,55,78
2020,Rutgers,Greg Schiano,BigTen,4030000,2019,3,6,33,"Piscataway, New Jersey",52454,55,78
2020,Nebraska,Scott Frost,BigTen,5000000,2019,3,5,38,"Lincoln, Nebraska",81091,72,82
2020,Maryland,Mike Locksley,BigTen,2605000,2019,2,3,40,"College Park, Maryland",51500,66,84
2016,Illinois,Bill Cubit,BigTen,915000,2015,5,7,42,"Champaign, Illinois",60670,65,81
2018,Indiana,Tom Allen,BigTen,1830000,2017,5,7,42,"Bloomington, Indiana",52929,68,83
2015,Michigan,Brady Hoke,BigTen,2854000,2014,5,7,42,"Ann Arbor, Michigan",106201,69,87
2018,Minnesota,P.J. Fleck,BigTen,3500000,2017,5,7,42,"Minneapolis, Minnesota",50000,71,89
2019,Nebraska,Scott Frost,BigTen,5000000,2018,5,7,42,"Lincoln, Nebraska",81091,72,82
2015,Northwestern,Pat Fitzgerald,BigTen,2480967,2014,5,7,42,"Evanston, Illinois",49256,92,99
2020,Minnesota,P.J. Fleck,BigTen,4600000,2019,3,4,43,"Minneapolis, Minnesota",50000,71,89
2020,Penn State,James Franklin,BigTen,6700000,2019,4,5,44,"University Park, Pennsylvania",107282,66,82
2015,Illinois,Tim Beckman,BigTen,1950000,2014,6,7,46,"Champaign, Illinois",60670,65,81
2019,Illinois,Lovie Smith,BigTen,5000000,2018,6,7,46,"Champaign, Illinois",60670,65,81
2016,Indiana,Kevin Wilson,BigTen,1312277,2015,6,7,46,"Bloomington, Indiana",52929,68,83
2017,Indiana,Kevin Wilson,BigTen,2320000,2016,6,7,46,"Bloomington, Indiana",52929,68,83
2017,Maryland,DJ Durkin,BigTen,2412000,2016,6,7,46,"College Park, Maryland",51500,66,84
2016,Minnesota,Jerry Kill,BigTen,2500000,2015,6,7,46,"Minneapolis, Minnesota",50000,71,89
2016,Nebraska,Mike Riley,BigTen,2700000,2015,6,7,46,"Lincoln, Nebraska",81091,72,82
2015,Iowa,Kirk Ferentz,BigTen,4075000,2014,7,6,54,"Iowa City, Iowa",70585,64,80
2015,Maryland,Randy Edsall,BigTen,2033680,2014,7,6,54,"College Park, Maryland",51500,66,84
2019,Michigan State,Mark Dantonio,BigTen,4390417,2018,7,6,54,"East Lansing, Michigan",75005,67,82
2017,Northwestern,Pat Fitzgerald,BigTen,3350638,2016,7,6,54,"Evanston, Illinois",49256,92,99
2015,Penn State,James Franklin,BigTen,4300000,2014,7,6,54,"University Park, Pennsylvania",107282,66,82
2016,Penn State,James Franklin,BigTen,4400000,2015,7,6,54,"University Park, Pennsylvania",107282,66,82
2018,Purdue,Jeff Brohm,BigTen,3333333,2017,7,6,54,"West Lafayette, Indiana",62500,64,77
2020,Wisconsin,Paul Chryst,BigTen,4250000,2019,4,3,57,"Madison, Wisconsin",80321,72,86
2019,Indiana,Tom Allen,BigTen,1830000,2018,8,5,62,"Bloomington, Indiana",52929,68,83
2017,Iowa,Kirk Ferentz,BigTen,4500000,2016,8,5,62,"Iowa City, Iowa",70585,64,80
2018,Iowa,Kirk Ferentz,BigTen,4550000,2017,8,5,62,"Iowa City, Iowa",70585,64,80
2018,Michigan,Jim Harbaugh,BigTen,7004000,2017,8,5,62,"Ann Arbor, Michigan",106201,69,87
2015,Minnesota,Jerry Kill,BigTen,2100000,2014,8,5,62,"Minneapolis, Minnesota",50000,71,89
2015,Rutgers,Kyle Flood,BigTen,975000,2014,8,5,62,"Piscataway, New Jersey",52454,55,78
2019,Michigan,Jim Harbaugh,BigTen,7504000,2018,9,4,69,"Ann Arbor, Michigan",106201,69,87
2017,Minnesota,Tracy Claeys,BigTen,1400000,2016,9,4,69,"Minneapolis, Minnesota",50000,71,89
2015,Nebraska,Bo Pelini,BigTen,3077646,2014,9,4,69,"Lincoln, Nebraska",81091,72,82
2017,Nebraska,Mike Riley,BigTen,2800000,2016,9,4,69,"Lincoln, Nebraska",81091,72,82
2019,Wisconsin,Paul Chryst,BigTen,3750000,2018,10,4,71,"Madison, Wisconsin",80321,72,86
2020,Indiana,Tom Allen,BigTen,3770000,2019,6,2,75,"Bloomington, Indiana",52929,68,83
2020,Iowa,Kirk Ferentz,BigTen,4900000,2019,6,2,75,"Iowa City, Iowa",70585,64,80
2019,Iowa,Kirk Ferentz,BigTen,4700000,2018,10,3,77,"Iowa City, Iowa",70585,64,80
2016,Michigan,Jim Harbaugh,BigTen,7004000,2015,10,3,77,"Ann Arbor, Michigan",106201,69,87
2017,Michigan,Jim Harbaugh,BigTen,9004000,2016,10,3,77,"Ann Arbor, Michigan",106201,69,87
2018,Michigan State,Mark Dantonio,BigTen,4380492,2017,10,3,77,"East Lansing, Michigan",75005,67,82
2016,Northwestern,Pat Fitzgerald,BigTen,2490858,2015,10,3,77,"Evanston, Illinois",49256,92,99
2018,Northwestern,Pat Fitzgerald,BigTen,3305818,2017,10,3,77,"Evanston, Illinois",49256,92,99
2016,Wisconsin,Paul Chryst,BigTen,2300000,2015,10,3,77,"Madison, Wisconsin",80321,72,86
2020,Northwestern,Pat Fitzgerald,BigTen,5144000,2019,7,2,78,"Evanston, Illinois",49256,92,99
2017,Penn State,James Franklin,BigTen,4500000,2016,11,3,79,"University Park, Pennsylvania",107282,66,82
2015,Wisconsin,Gary Andersen,BigTen,2200000,2014,11,3,79,"Madison, Wisconsin",80321,72,86
2017,Wisconsin,Paul Chryst,BigTen,2700000,2016,11,3,79,"Madison, Wisconsin",80321,72,86
2015,Michigan State,Mark Dantonio,BigTen,5611845,2014,11,2,85,"East Lansing, Michigan",75005,67,82
2019,Minnesota,P.J. Fleck,BigTen,3550000,2018,11,2,85,"Minneapolis, Minnesota",50000,71,89
2017,Ohio State,Urban Meyer,BigTen,6003000,2016,11,2,85,"Columbus, Ohio",104944,44,64
2018,Penn State,James Franklin,BigTen,4600000,2017,11,2,85,"University Park, Pennsylvania",107282,66,82
2019,Penn State,James Franklin,BigTen,4800000,2018,11,2,85,"University Park, Pennsylvania",107282,66,82
2016,Iowa,Kirk Ferentz,BigTen,4075000,2015,12,2,86,"Iowa City, Iowa",70585,64,80
2016,Michigan State,Mark Dantonio,BigTen,3671520,2015,12,2,86,"East Lansing, Michigan",75005,67,82
2018,Ohio State,Urban Meyer,BigTen,6431240,2017,12,2,86,"Columbus, Ohio",104944,44,64
2020,Ohio State,Ryan Day,BigTen,5748264,2019,7,1,88,"Columbus, Ohio",104944,44,64
2016,Ohio State,Urban Meyer,BigTen,5860000,2015,12,1,92,"Columbus, Ohio",104944,44,64
2015,Ohio State,Urban Meyer,BigTen,4486640,2014,14,1,93,"Columbus, Ohio",104944,44,64
2019,Ohio State,Urban Meyer,BigTen,7600000,2018,13,1,93,"Columbus, Ohio",104944,44,64
2018,Wisconsin,Paul Chryst,BigTen,3200000,2017,13,1,93,"Madison, Wisconsin",80321,72,86
2016,Alabama at Birmingham,Bill Clark,CUSA,605000,2015,0,0,0,"Birmingham, Alabama",71594,58,71
2017,Alabama at Birmingham,Bill Clark,CUSA,655000,2016,0,0,0,"Birmingham, Alabama",71594,58,71
2020,Florida International,Butch Davis,CUSA,1041863,2019,0,5,0,"Miami, Florida",23500,60,70
2020,Old Dominion,Ricky Rahne,CUSA,775000,2019,0,0,0,"Norfolk, Virginia",19818,49,70
2018,Texas-El Paso,Sean Kugler,CUSA,515332,2017,0,12,0,"El Paso, Texas",52000,51,79
2018,Charlotte,Brad Lambert,CUSA,625000,2017,1,11,8,"Charlotte, North Carolina",15314,80,56
2016,North Texas,Dan McCarney,CUSA,720000,2015,1,11,8,"Denton, Texas",30850,65,80
2019,Old Dominion,Bobby Wilder,CUSA,654667,2018,1,11,8,"Norfolk, Virginia",19818,49,70
2018,Rice,David Bailiff,CUSA,772883,2017,1,11,8,"Houston, Texas",70000,77,87
2019,Texas-El Paso,Dana Dimel,CUSA,700000,2018,1,11,8,"El Paso, Texas",52000,51,79
2016,Charlotte,Brad Lambert,CUSA,600000,2015,2,10,17,"Charlotte, North Carolina",15314,80,56
2015,Florida Atlantic,Charlie Partridge,CUSA,500000,2014,3,9,25,"Boca Raton, Florida",20450,58,69
2016,Florida Atlantic,Charlie Partridge,CUSA,525000,2015,3,9,25,"Boca Raton, Florida",20450,58,69
2017,Florida Atlantic,Charlie Partridge,CUSA,591250,2016,3,9,25,"Boca Raton, Florida",20450,58,69
2017,Marshall,Doc Holliday,CUSA,762570,2016,3,9,25,"Huntington, West Virginia",38019,57,78
2017,Rice,David Bailiff,CUSA,903556,2016,3,9,25,"Houston, Texas",70000,77,87
2019,Rice,Mike Bloomgren,CUSA,1000000,2018,3,9,25,"Houston, Texas",70000,77,87
2015,Southern Mississippi,Todd Monken,CUSA,700000,2014,3,9,25,"Hattiesburg, Mississippi",36000,61,75
2016,Texas-San Antonio,Larry Coker,CUSA,425000,2015,3,9,25,"San Antonio, Texas",65000,63,80
2020,Southern Mississippi,Jay Hopson,CUSA,500000,2019,3,7,30,"Hattiesburg, Mississippi",36000,61,75
2017,Charlotte,Brad Lambert,CUSA,625000,2016,4,8,33,"Charlotte, North Carolina",15314,80,56
2020,Charlotte,Will Healy,CUSA,855000,2019,2,4,33,"Charlotte, North Carolina",15314,80,56
2015,Florida International,Ron Turner,CUSA,550000,2014,4,8,33,"Miami, Florida",23500,60,70
2017,Florida International,Ron Turner,CUSA,609731,2016,4,8,33,"Miami, Florida",23500,60,70
2019,Middle Tennessee,Rick Stockstill,CUSA,803004,2018,4,8,33,"Murfreesboro, Tennessee",31000,65,86
2020,Middle Tennessee,Rick Stockstill,CUSA,901504,2019,3,6,33,"Murfreesboro, Tennessee",31000,65,86
2015,North Texas,Dan McCarney,CUSA,710000,2014,4,8,33,"Denton, Texas",30850,65,80
2019,North Texas,Seth Littrell,CUSA,1425000,2018,4,8,33,"Denton, Texas",30850,65,80
2017,Texas-El Paso,Sean Kugler,CUSA,515332,2016,4,8,33,"El Paso, Texas",52000,51,79
2015,Texas-San Antonio,Larry Coker,CUSA,400000,2014,4,8,33,"San Antonio, Texas",65000,63,80
2019,Texas-San Antonio,Frank Wilson,CUSA,1100000,2018,4,8,33,"San Antonio, Texas",65000,63,80
2017,North Texas,Seth Littrell,CUSA,815000,2016,5,8,38,"Denton, Texas",30850,65,80
2020,Texas-El Paso,Dana Dimel,CUSA,711999,2019,3,5,38,"El Paso, Texas",52000,51,79
2020,North Texas,Seth Littrell,CUSA,1850000,2019,4,6,40,"Denton, Texas",30850,65,80
2020,Rice,Mike Bloomgren,CUSA,1500000,2019,2,3,40,"Houston, Texas",70000,77,87
2016,Florida International,Ron Turner,CUSA,604190,2015,5,7,42,"Miami, Florida",23500,60,70
2016,Old Dominion,Bobby Wilder,CUSA,550000,2015,5,7,42,"Norfolk, Virginia",19818,49,70
2018,Old Dominion,Bobby Wilder,CUSA,650000,2017,5,7,42,"Norfolk, Virginia",19818,49,70
2016,Rice,David Bailiff,CUSA,805088,2015,5,7,42,"Houston, Texas",70000,77,87
2016,Texas-El Paso,Sean Kugler,CUSA,509541,2015,5,7,42,"El Paso, Texas",52000,51,79
2020,Western Kentucky,Tyson Helton,CUSA,800000,2019,5,7,42,"Bowling Green, Kentucky",22000,55,74
2019,Florida International,Butch Davis,CUSA,945000,2018,6,7,46,"Miami, Florida",23500,60,70
2017,Texas-San Antonio,Frank Wilson,CUSA,835000,2016,6,7,46,"San Antonio, Texas",65000,63,80
2018,Western Kentucky,Mike Sanford Jr.,CUSA,800000,2017,6,7,46,"Bowling Green, Kentucky",22000,55,74
2015,Alabama at Birmingham,Bill Clark,CUSA,500000,2014,6,6,50,"Birmingham, Alabama",71594,58,71
2020,Louisiana Tech,Skip Holtz,CUSA,700000,2019,5,5,50,"Ruston, Louisiana",30600,53,65
2015,Middle Tennessee,Rick Stockstill,CUSA,801504,2014,6,6,50,"Murfreesboro, Tennessee",31000,65,86
2015,Old Dominion,Bobby Wilder,CUSA,475000,2014,6,6,50,"Norfolk, Virginia",19818,49,70
2019,Charlotte,Brad Lambert,CUSA,625000,2018,7,6,54,"Charlotte, North Carolina",15314,80,56
2018,Louisiana Tech,Skip Holtz,CUSA,700000,2017,7,6,54,"Ruston, Louisiana",30600,53,65
2016,Middle Tennessee,Rick Stockstill,CUSA,801504,2015,7,6,54,"Murfreesboro, Tennessee",31000,65,86
2018,Middle Tennessee,Rick Stockstill,CUSA,801504,2017,7,6,54,"Murfreesboro, Tennessee",31000,65,86
2017,Southern Mississippi,Jay Hopson,CUSA,500000,2016,7,6,54,"Hattiesburg, Mississippi",36000,61,75
2019,Southern Mississippi,Jay Hopson,CUSA,500000,2018,7,6,54,"Hattiesburg, Mississippi",36000,61,75
2015,Texas-El Paso,Sean Kugler,CUSA,503864,2014,7,6,54,"El Paso, Texas",52000,51,79
2018,Texas-San Antonio,Frank Wilson,CUSA,1137500,2017,6,5,55,"San Antonio, Texas",65000,63,80
2020,Florida Atlantic,Willie Taggart,CUSA,750000,2019,5,4,56,"Boca Raton, Florida",20450,58,69
2020,Texas-San Antonio,Jeff Traylor,CUSA,800000,2019,7,5,58,"San Antonio, Texas",65000,63,80
2018,Alabama at Birmingham,Bill Clark,CUSA,630000,2017,8,5,62,"Birmingham, Alabama",71594,58,71
2018,Florida International,Butch Davis,CUSA,900000,2017,8,5,62,"Miami, Florida",23500,60,70
2018,Marshall,Doc Holliday,CUSA,762570,2017,8,5,62,"Huntington, West Virginia",38019,57,78
2019,Marshall,Doc Holliday,CUSA,762570,2018,8,5,62,"Huntington, West Virginia",38019,57,78
2017,Middle Tennessee,Rick Stockstill,CUSA,801504,2016,8,5,62,"Murfreesboro, Tennessee",31000,65,86
2015,Rice,David Bailiff,CUSA,780243,2014,8,5,62,"Houston, Texas",70000,77,87
2018,Southern Mississippi,Jay Hopson,CUSA,500000,2017,8,5,62,"Hattiesburg, Mississippi",36000,61,75
2015,Western Kentucky,Jeff Brohm,CUSA,600000,2014,8,5,62,"Bowling Green, Kentucky",22000,55,74
2019,Alabama at Birmingham,Bill Clark,CUSA,900000,2018,9,5,64,"Birmingham, Alabama",71594,58,71
2015,Louisiana Tech,Skip Holtz,CUSA,500000,2014,9,5,64,"Ruston, Louisiana",30600,53,65
2017,Louisiana Tech,Skip Holtz,CUSA,500000,2016,9,5,64,"Ruston, Louisiana",30600,53,65
2018,North Texas,Seth Littrell,CUSA,991416,2017,9,5,64,"Denton, Texas",30850,65,80
2016,Southern Mississippi,Todd Monken,CUSA,700000,2015,9,5,64,"Hattiesburg, Mississippi",36000,61,75
2020,Alabama at Birmingham,Bill Clark,CUSA,1500000,2019,6,3,67,"Birmingham, Alabama",71594,58,71
2016,Louisiana Tech,Skip Holtz,CUSA,500000,2015,9,4,69,"Ruston, Louisiana",30600,53,65
2019,Western Kentucky,Mike Sanford Jr.,CUSA,805850,2018,9,4,69,"Bowling Green, Kentucky",22000,55,74
2020,Marshall,Doc Holliday,CUSA,762570,2019,7,3,70,"Huntington, West Virginia",38019,57,78
2019,Louisiana Tech,Skip Holtz,CUSA,700000,2018,10,3,77,"Ruston, Louisiana",30600,53,65
2016,Marshall,Doc Holliday,CUSA,755500,2015,10,3,77,"Huntington, West Virginia",38019,57,78
2017,Old Dominion,Bobby Wilder,CUSA,554590,2016,10,3,77,"Norfolk, Virginia",19818,49,70
2018,Florida Atlantic,Lane Kiffin,CUSA,950000,2017,11,3,79,"Boca Raton, Florida",20450,58,69
2019,Florida Atlantic,Lane Kiffin,CUSA,1000000,2018,11,3,79,"Boca Raton, Florida",20450,58,69
2017,Western Kentucky,Jeff Brohm,CUSA,805600,2016,11,3,79,"Bowling Green, Kentucky",22000,55,74
2016,Western Kentucky,Jeff Brohm,CUSA,610800,2015,12,2,87,"Bowling Green, Kentucky",22000,55,74
2015,Marshall,Doc Holliday,CUSA,607070,2014,13,1,93,"Huntington, West Virginia",38019,57,78
2020,Massachusetts,Walt Bell,Indep,660000,2019,0,4,0,"Amherst, Massachusetts",68756,49,66
2019,Massachusetts,Mark Whipple,Indep,500000,2018,1,11,8,"Amherst, Massachusetts",68756,49,66
2016,Army,Jeff Monken,Indep,883000,2015,2,10,17,"West Point, New York",38000,88,70
2017,Massachusetts,Mark Whipple,Indep,467965,2016,2,10,17,"Amherst, Massachusetts",68756,49,66
2019,New Mexico State,Doug Martin,Indep,419640,2018,2,10,17,"Las Cruces, New Mexico",30343,63,73
2015,Army,Jeff Monken,Indep,834667,2014,4,8,33,"West Point, New York",38000,88,70
2018,Massachusetts,Mark Whipple,Indep,472654,2017,4,8,33,"Amherst, Massachusetts",68756,49,66
2017,Notre Dame,Brian Kelly,Indep,1624730,2016,4,8,33,"Notre Dame, Indiana",80795,87,95
2019,Army,Jeff Monken,Indep,932521,2018,5,8,38,"West Point, New York",38000,88,70
2018,Liberty,Turner Gill,Indep,809072,2017,6,6,50,"Lynchburg, VA",25000,66,71
2020,New Mexico State,Doug Martin,Indep,429000,2019,1,1,50,"Las Cruces, New Mexico",30343,63,73
2017,Army,Jeff Monken,Indep,932521,2016,8,5,62,"West Point, New York",38000,88,70
2019,Liberty,Turner Gill,Indep,947281,2018,8,5,62,"Lynchburg, VA",25000,66,71
2015,Navy,Ken Niumatalolo,Indep,1574810,2014,8,5,62,"Annapolis, Maryland",34000,100,81
2015,Notre Dame,Brian Kelly,Indep,1457284,2014,8,5,62,"Notre Dame, Indiana",80795,87,95
2020,Army,Jeff Monken,Indep,1000000,2019,9,3,75,"West Point, New York",38000,88,70
2018,Army,Jeff Monken,Indep,932521,2017,10,3,77,"West Point, New York",38000,88,70
2016,Notre Dame,Brian Kelly,Indep,1187272,2015,10,3,77,"Notre Dame, Indiana",80795,87,95
2018,Notre Dame,Brian Kelly,Indep,1645867,2017,10,3,77,"Notre Dame, Indiana",80795,87,95
2019,Notre Dame,Brian Kelly,Indep,2129638,2018,11,2,85,"Notre Dame, Indiana",80795,87,95
2020,Liberty,Hugh Freeze,Indep,1500000,2019,10,1,91,"Lynchburg, VA",25000,66,71
2020,Connecticut,Randy Edsall,Indep,1256000,2019,0,0,0,"Storrs, Connecticut",40000,68,79
2019,Akron,Terry Bowden,MAC,412500,2018,0,12,0,"Akron, Ohio",30000,61,72
2020,Bowling Green,Scot Loeffler,MAC,530000,2019,0,5,0,"Bowling Green, Ohio",24000,68,82
2020,Northern Illinois,Thomas Hammock,MAC,620204,2019,0,6,0,"De Kalb, Illinois",30998,63,83
2016,Eastern Michigan,Chris Creighton,MAC,425000,2015,1,11,8,"Ypsilanti, Michigan",30200,42,67
2020,Akron,Tom Arth,MAC,500000,2019,1,5,17,"Akron, Ohio",30000,61,72
2018,Ball State,Mike Neu,MAC,431375,2017,2,10,17,"Muncie, Indiana",22500,60,70
2018,Bowling Green,Mike Jinks,MAC,428655,2017,2,10,17,"Bowling Green, Ohio",24000,68,82
2017,Buffalo,Lance Leipold,MAC,405500,2016,2,10,17,"Buffalo, New York",29013,56,70
2015,Eastern Michigan,Chris Creighton,MAC,425000,2014,2,10,17,"Ypsilanti, Michigan",30200,42,67
2018,Kent State,Paul Haynes,MAC,414030,2017,2,10,17,"Kent, Ohio",29287,62,76
2015,Miami (Ohio),Chuck Martin,MAC,450000,2014,2,10,17,"Oxford, Ohio",24286,74,87
2015,Kent State,Paul Haynes,MAC,382500,2014,2,9,18,"Kent, Ohio",29287,62,76
2016,Ball State,Pete Lembo,MAC,514250,2015,3,9,25,"Muncie, Indiana",22500,60,70
2019,Bowling Green,Mike Jinks,MAC,437228,2018,3,9,25,"Bowling Green, Ohio",24000,68,82
2016,Kent State,Paul Haynes,MAC,390150,2015,3,9,25,"Kent, Ohio",29287,62,76
2017,Kent State,Paul Haynes,MAC,405912,2016,3,9,25,"Kent, Ohio",29287,62,76
2015,Massachusetts,Mark Whipple,MAC,450000,2014,3,9,25,"Amherst, Massachusetts",68756,49,66
2016,Massachusetts,Mark Whipple,MAC,450000,2015,3,9,25,"Amherst, Massachusetts",68756,49,66
2016,Miami (Ohio),Chuck Martin,MAC,450000,2015,3,9,25,"Oxford, Ohio",24286,74,87
2017,Ball State,Mike Neu,MAC,425000,2016,4,8,33,"Muncie, Indiana",22500,60,70
2017,Bowling Green,Mike Jinks,MAC,410000,2016,4,8,33,"Bowling Green, Ohio",24000,68,82
2020,Eastern Michigan,Chris Creighton,MAC,480000,2019,2,4,33,"Ypsilanti, Michigan",30200,42,67
2015,Akron,Terry Bowden,MAC,406000,2014,5,7,42,"Akron, Ohio",30000,61,72
2017,Akron,Terry Bowden,MAC,411000,2016,5,7,42,"Akron, Ohio",30000,61,72
2015,Ball State,Pete Lembo,MAC,500000,2014,5,7,42,"Muncie, Indiana",22500,60,70
2019,Ball State,Mike Neu,MAC,435689,2018,5,7,42,"Muncie, Indiana",22500,60,70
2016,Buffalo,Lance Leipold,MAC,400000,2015,5,7,42,"Buffalo, New York",29013,56,70
2018,Eastern Michigan,Chris Creighton,MAC,442420,2017,5,7,42,"Ypsilanti, Michigan",30200,42,67
2018,Miami (Ohio),Chuck Martin,MAC,522300,2017,5,7,42,"Oxford, Ohio",24286,74,87
2017,Northern Illinois,Rod Carey,MAC,623000,2016,5,7,42,"De Kalb, Illinois",30998,63,83
2019,Northern Illinois,Rod Carey,MAC,633460,2018,5,7,42,"De Kalb, Illinois",30998,63,83
2015,Buffalo,Jeff Quinn,MAC,380210,2014,5,6,45,"Buffalo, New York",29013,56,70
2017,Central Michigan,John Bonamego,MAC,545640,2016,6,7,46,"Mount Pleasant, Michigan",30255,58,71
2019,Eastern Michigan,Chris Creighton,MAC,460000,2018,6,7,46,"Ypsilanti, Michigan",30200,42,67
2017,Miami (Ohio),Chuck Martin,MAC,472300,2016,6,7,46,"Oxford, Ohio",24286,74,87
2018,Akron,Terry Bowden,MAC,411000,2017,7,7,50,"Akron, Ohio",30000,61,72
2018,Buffalo,Lance Leipold,MAC,405500,2017,6,6,50,"Buffalo, New York",29013,56,70
2020,Central Michigan,Jim McElwain,MAC,815000,2019,3,3,50,"Mount Pleasant, Michigan",30255,58,71
2015,Ohio,Frank Solich,MAC,553000,2014,6,6,50,"Athens, Ohio",24000,68,80
2019,Toledo,Jason Candle,MAC,1125000,2018,6,6,50,"Toledo, Ohio",26248,69,79
2018,Western Michigan,Tim Lester,MAC,800000,2017,6,6,50,"Kalamazoo, Michigan",30200,54,75
2015,Central Michigan,Dan Enos,MAC,360000,2014,7,6,54,"Mount Pleasant, Michigan",30255,58,71
2016,Central Michigan,John Bonamego,MAC,533500,2015,7,6,54,"Mount Pleasant, Michigan",30255,58,71
2017,Eastern Michigan,Chris Creighton,MAC,434840,2016,7,6,54,"Ypsilanti, Michigan",30200,42,67
2019,Kent State,Sean Lewis,MAC,440000,2018,7,6,54,"Kent, Ohio",29287,62,76
2019,Ohio,Frank Solich,MAC,580331,2018,7,6,54,"Athens, Ohio",24000,68,80
2019,Western Michigan,Tim Lester,MAC,800000,2018,7,6,54,"Kalamazoo, Michigan",30200,54,75
2015,Bowling Green,Dino Babers,MAC,405000,2014,8,6,57,"Bowling Green, Ohio",24000,68,82
2019,Central Michigan,John Bonamego,MAC,655000,2018,8,6,57,"Mount Pleasant, Michigan",30255,58,71
2019,Miami (Ohio),Chuck Martin,MAC,524826,2018,8,6,57,"Oxford, Ohio",24286,74,87
2016,Northern Illinois,Rod Carey,MAC,400000,2015,8,6,57,"De Kalb, Illinois",30998,63,83
2017,Ohio,Frank Solich,MAC,572715,2016,8,6,57,"Athens, Ohio",24000,68,80
2016,Akron,Terry Bowden,MAC,406000,2015,8,5,62,"Akron, Ohio",30000,61,72
2019,Buffalo,Lance Leipold,MAC,455500,2018,8,5,62,"Buffalo, New York",29013,56,70
2018,Central Michigan,John Bonamego,MAC,545640,2017,8,5,62,"Mount Pleasant, Michigan",30255,58,71
2018,Northern Illinois,Rod Carey,MAC,623000,2017,8,5,62,"De Kalb, Illinois",30998,63,83
2016,Ohio,Frank Solich,MAC,562760,2015,8,5,62,"Athens, Ohio",24000,68,80
2015,Western Michigan,P.J. Fleck,MAC,392500,2014,8,5,62,"Kalamazoo, Michigan",30200,54,75
2016,Western Michigan,P.J. Fleck,MAC,800000,2015,8,5,62,"Kalamazoo, Michigan",30200,54,75
2020,Miami (Ohio),Chuck Martin,MAC,550000,2019,2,1,67,"Oxford, Ohio",24286,74,87
2020,Ohio,Frank Solich,MAC,589928,2019,2,1,67,"Athens, Ohio",24000,68,80
2020,Toledo,Jason Candle,MAC,1175000,2019,4,2,67,"Toledo, Ohio",26248,69,79
2020,Western Michigan,Tim Lester,MAC,800000,2019,4,2,67,"Kalamazoo, Michigan",30200,54,75
2018,Ohio,Frank Solich,MAC,522715,2017,9,4,69,"Athens, Ohio",24000,68,80
2015,Toledo,Matt Campbell,MAC,470500,2014,9,4,69,"Toledo, Ohio",26248,69,79
2017,Toledo,Jason Candle,MAC,675000,2016,9,4,69,"Toledo, Ohio",26248,69,79
2016,Bowling Green,Dino Babers,MAC,413000,2015,10,4,71,"Bowling Green, Ohio",24000,68,82
2020,Kent State,Sean Lewis,MAC,460000,2019,3,1,75,"Kent, Ohio",29287,62,76
2015,Northern Illinois,Rod Carey,MAC,400000,2014,11,3,79,"De Kalb, Illinois",30998,63,83
2018,Toledo,Jason Candle,MAC,700000,2017,11,3,79,"Toledo, Ohio",26248,69,79
2016,Toledo,Matt Campbell,MAC,495000,2015,10,2,83,"Toledo, Ohio",26248,69,79
2020,Buffalo,Lance Leipold,MAC,624300,2019,6,1,86,"Buffalo, New York",29013,56,70
2020,Ball State,Mike Neu,MAC,468000,2019,7,1,88,"Muncie, Indiana",22500,60,70
2017,Western Michigan,P.J. Fleck,MAC,800000,2016,13,1,93,"Kalamazoo, Michigan",30200,54,75
2020,Nevada-Las Vegas,Marcus Arroyo,MtWest,1500000,2019,0,6,0,"Las Vegas, Nevada",36800,56,63
2017,Fresno State,Tim DeRuyter,MtWest,1518480,2016,1,11,8,"Fresno, California",41031,69,76
2015,Nevada-Las Vegas,Bobby Hauck,MtWest,850000,2014,2,11,15,"Las Vegas, Nevada",36800,56,63
2018,San Jose State,Brent Brennan,MtWest,581916,2017,2,11,15,"San Jose, California",30456,74,80
2019,New Mexico,Bob Davie,MtWest,823740,2018,2,10,17,"Albuquerque, New Mexico",42000,41,59
2020,Utah State,Gary Andersen,MtWest,900000,2019,1,5,17,"Logan, Utah",30257,63,92
2016,Wyoming,Craig Bohl,MtWest,909000,2015,2,10,17,"Laramie, Wyoming",29181,47,78
2016,Hawaii,Norm Chow,MtWest,550000,2015,3,10,23,"Honolulu, Hawaii",50000,56,79
2020,Colorado State,Steve Addazio,MtWest,1500000,2019,1,3,25,"Fort Collins, Colorado",41200,61,73
2016,Fresno State,Tim DeRuyter,MtWest,1457745,2015,3,9,25,"Fresno, California",41031,69,76
2018,Hawaii,Nick Rolovich,MtWest,400008,2017,3,9,25,"Honolulu, Hawaii",50000,56,79
2018,Nevada,Jay Norvell,MtWest,450000,2017,3,9,25,"Reno, Nevada",29993,43,69
2016,Nevada-Las Vegas,Tony Sanchez,MtWest,560000,2015,3,9,25,"Las Vegas, Nevada",36800,56,63
2018,New Mexico,Bob Davie,MtWest,822690,2017,3,9,25,"Albuquerque, New Mexico",42000,41,59
2015,San Jose State,Ron Caragher,MtWest,525000,2014,3,9,25,"San Jose, California",30456,74,80
2017,Utah State,Matt Wells,MtWest,800000,2016,3,9,25,"Logan, Utah",30257,63,92
2020,New Mexico,Danny Gonzales,MtWest,725000,2019,2,5,29,"Albuquerque, New Mexico",42000,41,59
2015,Hawaii,Norm Chow,MtWest,550000,2014,4,9,31,"Honolulu, Hawaii",50000,56,79
2019,Colorado State,Mike Bobo,MtWest,1800000,2018,4,8,33,"Fort Collins, Colorado",41200,61,73
2019,Fresno State,Jeff Tedford,MtWest,1550000,2018,4,8,33,"Fresno, California",41031,69,76
2017,Nevada-Las Vegas,Tony Sanchez,MtWest,510000,2016,4,8,33,"Las Vegas, Nevada",36800,56,63
2019,Nevada-Las Vegas,Tony Sanchez,MtWest,600000,2018,4,8,33,"Las Vegas, Nevada",36800,56,63
2015,New Mexico,Bob Davie,MtWest,772690,2014,4,8,33,"Albuquerque, New Mexico",42000,41,59
2017,San Jose State,Ron Caragher,MtWest,546745,2016,4,8,33,"San Jose, California",30456,74,80
2015,Wyoming,Craig Bohl,MtWest,832000,2014,4,8,33,"Laramie, Wyoming",29181,47,78
2020,Wyoming,Craig Bohl,MtWest,1512000,2019,2,4,33,"Laramie, Wyoming",29181,47,78
2018,Air Force,Troy Calhoun,MtWest,885000,2017,5,7,42,"USAF Academy, Colorado",46692,86,77
2017,Nevada,Brian Polian,MtWest,575000,2016,5,7,42,"Reno, Nevada",29993,43,69
2018,Nevada-Las Vegas,Tony Sanchez,MtWest,600000,2017,5,7,42,"Las Vegas, Nevada",36800,56,63
2019,San Jose State,Brent Brennan,MtWest,590424,2018,5,7,42,"San Jose, California",30456,74,80
2015,Fresno State,Tim DeRuyter,MtWest,1400000,2014,6,8,43,"Fresno, California",41031,69,76
2016,San Jose State,Ron Caragher,MtWest,540745,2015,6,7,46,"San Jose, California",30456,74,80
2016,Utah State,Matt Wells,MtWest,750000,2015,6,7,46,"Logan, Utah",30257,63,92
2018,Utah State,Matt Wells,MtWest,1050000,2017,6,7,46,"Logan, Utah",30257,63,92
2020,Air Force,Troy Calhoun,MtWest,1000000,2019,3,3,50,"USAF Academy, Colorado",46692,86,77
2020,Fresno State,Kalen DeBoer,MtWest,1300000,2019,3,3,50,"Fresno, California",41031,69,76
2017,Hawaii,Nick Rolovich,MtWest,400008,2016,7,7,50,"Honolulu, Hawaii",50000,56,79
2020,San Diego State,Brady Hoke,MtWest,1000000,2019,4,4,50,"San Diego, California",70561,70,74
2016,Colorado State,Mike Bobo,MtWest,1350000,2015,7,6,54,"Fort Collins, Colorado",41200,61,73
2017,Colorado State,Mike Bobo,MtWest,1450000,2016,7,6,54,"Fort Collins, Colorado",41200,61,73
2018,Colorado State,Mike Bobo,MtWest,1550000,2017,7,6,54,"Fort Collins, Colorado",41200,61,73
2015,Nevada,Brian Polian,MtWest,575000,2014,7,6,54,"Reno, Nevada",29993,43,69
2016,Nevada,Brian Polian,MtWest,575000,2015,7,6,54,"Reno, Nevada",29993,43,69
2019,Nevada,Jay Norvell,MtWest,500000,2018,7,6,54,"Reno, Nevada",29993,43,69
2016,New Mexico,Bob Davie,MtWest,772690,2015,7,6,54,"Albuquerque, New Mexico",42000,41,59
2015,San Diego State,Rocky Long,MtWest,800000,2014,7,6,54,"San Diego, California",70561,70,74
2019,Utah State,Matt Wells,MtWest,900000,2018,7,6,54,"Logan, Utah",30257,63,92
2020,Hawaii,Todd Graham,MtWest,760000,2019,5,4,56,"Honolulu, Hawaii",50000,56,79
2016,Air Force,Troy Calhoun,MtWest,892500,2015,8,6,57,"USAF Academy, Colorado",46692,86,77
2017,Wyoming,Craig Bohl,MtWest,1412000,2016,8,6,57,"Laramie, Wyoming",29181,47,78
2018,Wyoming,Craig Bohl,MtWest,1412000,2017,8,5,62,"Laramie, Wyoming",29181,47,78
2019,Wyoming,Craig Bohl,MtWest,1412000,2018,8,5,62,"Laramie, Wyoming",29181,47,78
2019,Hawaii,Nick Rolovich,MtWest,486504,2018,10,5,67,"Honolulu, Hawaii",50000,56,79
2016,Boise State,Bryan Harsin,MtWest,1100004,2015,9,4,69,"Boise, Idaho",37000,69,89
2017,New Mexico,Bob Davie,MtWest,822690,2016,9,4,69,"Albuquerque, New Mexico",42000,41,59
2020,Boise State,Bryan Harsin,MtWest,1850000,2019,5,2,71,"Boise, Idaho",37000,69,89
2018,Fresno State,Jeff Tedford,MtWest,1550000,2017,10,4,71,"Fresno, California",41031,69,76
2015,Utah State,Matt Wells,MtWest,575000,2014,10,4,71,"Logan, Utah",30257,63,92
2017,Air Force,Troy Calhoun,MtWest,885000,2016,10,3,77,"USAF Academy, Colorado",46692,86,77
2017,Boise State,Bryan Harsin,MtWest,1100004,2016,10,3,77,"Boise, Idaho",37000,69,89
2015,Colorado State,Jim McElwain,MtWest,1500000,2014,10,3,77,"Fort Collins, Colorado",41200,63,85
2018,San Diego State,Rocky Long,MtWest,826304,2017,10,3,77,"San Diego, California",70561,70,74
2019,San Diego State,Rocky Long,MtWest,873576,2018,10,3,77,"San Diego, California",70561,70,74
2020,Nevada,Jay Norvell,MtWest,625000,2019,7,2,78,"Reno, Nevada",29993,43,69
2018,Boise State,Bryan Harsin,MtWest,1550004,2017,11,3,79,"Boise, Idaho",37000,69,89
2016,San Diego State,Rocky Long,MtWest,806300,2015,11,3,79,"San Diego, California",70561,70,74
2017,San Diego State,Rocky Long,MtWest,810632,2016,11,3,79,"San Diego, California",70561,70,74
2019,Air Force,Troy Calhoun,MtWest,885000,2018,11,2,85,"USAF Academy, Colorado",46692,86,77
2015,Boise State,Bryan Harsin,MtWest,1000004,2014,12,2,86,"Boise, Idaho",37000,69,89
2019,Boise State,Bryan Harsin,MtWest,1650010,2018,12,2,86,"Boise, Idaho",37000,69,89
2020,San Jose State,Brent Brennan,MtWest,850000,2019,7,1,88,"San Jose, California",30456,74,80
2015,Air Force,Troy Calhoun,MtWest,866250,2014,10,3,77,"USAF Academy, Colorado",46692,86,77
2020,Arizona,Kevin Sumlin,Pac12,3100000,2019,0,5,0,"Tucson, Arizona",57803,63,76
2018,Oregon State,Gary Andersen,Pac12,2650000,2017,1,11,8,"Corvallis, Oregon",46200,47,64
2015,Colorado,Mike MacIntyre,Pac12,2008500,2014,2,10,17,"Boulder, Colorado",53613,63,85
2016,Oregon State,Gary Andersen,Pac12,2450000,2015,2,10,17,"Corvallis, Oregon",46200,47,64
2017,Arizona,Rich Rodriguez,Pac12,2500000,2016,3,9,25,"Tucson, Arizona",57803,63,76
2020,California,Justin Wilcox,Pac12,3350000,2019,1,3,25,"Berkeley, California",63186,52,64
2015,Washington State,Mike Leach,Pac12,2750000,2014,3,9,25,"Pullman, Washington",35117,56,75
2020,Washington State,Nick Rolovich,Pac12,3020000,2019,1,3,25,"Pullman, Washington",35117,56,75
2020,Oregon State,Jonathan Smith,Pac12,2400000,2019,2,5,29,"Corvallis, Oregon",46200,47,64
2016,Colorado,Mike MacIntyre,Pac12,2009778,2015,4,9,31,"Boulder, Colorado",53613,63,85
2019,Arizona,Kevin Sumlin,Pac12,2000000,2018,4,8,33,"Tucson, Arizona",57803,63,76
2017,Oregon,Mark Helfrich,Pac12,3300000,2016,4,8,33,"Eugene, Oregon",53800,63,71
2017,Oregon State,Gary Andersen,Pac12,2550000,2016,4,8,33,"Corvallis, Oregon",46200,47,64
2019,Stanford,David Shaw,Pac12,4311543,2018,4,8,33,"Stanford, California",50000,88,95
2017,UCLA,Jim Mora,Pac12,3450000,2016,4,8,33,"Los Angeles, California",92542,66,84
2019,UCLA,Chip Kelly,Pac12,3300000,2018,4,8,33,"Los Angeles, California",92542,66,84
2017,Arizona State,Todd Graham,Pac12,3100000,2016,5,7,42,"Tempe, Arizona",71706,61,73
2015,California,Sonny Dykes,Pac12,1800000,2014,5,7,42,"Berkeley, California",63186,52,64
2017,California,Sonny Dykes,Pac12,2900000,2016,5,7,42,"Berkeley, California",63186,52,64
2018,California,Justin Wilcox,Pac12,1600000,2017,5,7,42,"Berkeley, California",63186,52,64
2018,Colorado,Mike MacIntyre,Pac12,2803500,2017,5,7,42,"Boulder, Colorado",53613,63,85
2019,Colorado,Mike MacIntyre,Pac12,2878500,2018,5,7,42,"Boulder, Colorado",53613,63,85
2015,Oregon State,Mike Riley,Pac12,1510008,2014,5,7,42,"Corvallis, Oregon",46200,47,64
2019,Oregon State,Jonathan Smith,Pac12,1900008,2018,5,7,42,"Corvallis, Oregon",46200,47,64
2020,UCLA,Chip Kelly,Pac12,4300000,2019,3,4,43,"Los Angeles, California",92542,66,84
2016,Arizona State,Todd Graham,Pac12,3000000,2015,6,7,46,"Tempe, Arizona",71706,61,73
2018,UCLA,Jim Mora,Pac12,3550000,2017,6,7,46,"Los Angeles, California",92542,66,84
2019,Washington State,Mike Leach,Pac12,3500000,2018,6,7,46,"Pullman, Washington",35117,56,75
2020,Arizona State,Herm Edwards,Pac12,3500000,2019,2,2,50,"Tempe, Arizona",71706,61,73
2016,Arizona,Rich Rodriguez,Pac12,2878844,2015,7,6,54,"Tucson, Arizona",57803,63,76
2018,Arizona,Rich Rodriguez,Pac12,5631563,2017,7,6,54,"Tucson, Arizona",57803,63,76
2018,Arizona State,Todd Graham,Pac12,3200000,2017,7,6,54,"Tempe, Arizona",71706,61,73
2018,Oregon,Willie Taggart,Pac12,2900000,2017,7,6,54,"Eugene, Oregon",53800,63,71
2018,Utah,Kyle Whittingham,Pac12,3687917,2017,7,6,54,"Salt Lake City, Utah",45017,67,95
2016,Washington,Chris Petersen,Pac12,3400000,2015,7,6,54,"Seattle, Washington",72500,66,84
2020,Oregon,Mario Cristobal,Pac12,2700000,2019,4,3,57,"Eugene, Oregon",53800,63,71
2016,Southern California,Steve Sarkisian,Pac12,3300000,2015,8,6,57,"Los Angeles, California",93607,60,76
2015,Washington,Chris Petersen,Pac12,3681720,2014,8,6,57,"Seattle, Washington",72500,66,84
2020,Utah,Kyle Whittingham,Pac12,5000000,2019,3,2,60,"Salt Lake City, Utah",45017,67,95
2019,Arizona State,Herm Edwards,Pac12,2000000,2018,8,5,62,"Tempe, Arizona",71706,61,73
2016,California,Sonny Dykes,Pac12,2000000,2015,8,5,62,"Berkeley, California",63186,52,64
2019,California,Justin Wilcox,Pac12,1500000,2018,8,5,62,"Berkeley, California",63186,52,64
2019,Southern California,Clay Helton,Pac12,2625965,2018,8,5,62,"Los Angeles, California",93607,60,76
2015,Stanford,David Shaw,Pac12,2012666,2014,8,5,62,"Stanford, California",50000,88,95
2016,UCLA,Jim Mora,Pac12,3350000,2015,8,5,62,"Los Angeles, California",92542,66,84
2019,Washington,Chris Petersen,Pac12,4377500,2018,8,5,62,"Seattle, Washington",72500,66,84
2017,Washington State,Mike Leach,Pac12,2950000,2016,8,5,62,"Pullman, Washington",35117,56,75
2018,Stanford,David Shaw,Pac12,5680441,2017,9,5,64,"Stanford, California",50000,88,95
2020,Colorado,Karl Dorrell,Pac12,3200000,2019,4,2,67,"Boulder, Colorado",53613,63,85
2020,Stanford,David Shaw,Pac12,4613000,2019,4,2,67,"Stanford, California",50000,88,95
2016,Oregon,Mark Helfrich,Pac12,3150000,2015,9,4,69,"Eugene, Oregon",53800,63,71
2015,Southern California,Steve Sarkisian,Pac12,3700000,2014,9,4,69,"Los Angeles, California",93607,60,76
2015,Utah,Kyle Whittingham,Pac12,2200000,2014,9,4,69,"Salt Lake City, Utah",45017,67,95
2017,Utah,Kyle Whittingham,Pac12,3650000,2016,9,4,69,"Salt Lake City, Utah",45017,67,95
2016,Washington State,Mike Leach,Pac12,2750000,2015,9,4,69,"Pullman, Washington",35117,56,75
2018,Washington State,Mike Leach,Pac12,3075000,2017,9,4,69,"Pullman, Washington",35117,56,75
2015,Arizona,Rich Rodriguez,Pac12,2898500,2014,10,4,71,"Tucson, Arizona",57803,63,76
2017,Colorado,Mike MacIntyre,Pac12,2011050,2016,10,4,71,"Boulder, Colorado",53613,63,85
2020,Washington,Jimmy Lake,Pac12,3000000,2019,3,1,75,"Seattle, Washington",72500,66,84
2015,Arizona State,Todd Graham,Pac12,2700000,2014,10,3,77,"Tempe, Arizona",71706,61,73
2017,Southern California,Clay Helton,Pac12,2600000,2016,10,3,77,"Los Angeles, California",93607,60,76
2017,Stanford,David Shaw,Pac12,4067219,2016,10,3,77,"Stanford, California",50000,88,95
2015,UCLA,Jim Mora,Pac12,3250000,2014,10,3,77,"Los Angeles, California",92542,66,84
2016,Utah,Kyle Whittingham,Pac12,2600000,2015,10,3,77,"Salt Lake City, Utah",45017,67,95
2018,Washington,Chris Petersen,Pac12,4125000,2017,10,3,77,"Seattle, Washington",72500,66,84
2018,Southern California,Clay Helton,Pac12,3220000,2017,11,3,79,"Los Angeles, California",93607,60,76
2019,Utah,Kyle Whittingham,Pac12,3787917,2018,11,3,79,"Salt Lake City, Utah",45017,67,95
2020,Southern California,Clay Helton,Pac12,4569507,2019,5,1,83,"Los Angeles, California",93607,60,76
2019,Oregon,Mario Cristobal,Pac12,2500000,2018,12,2,86,"Eugene, Oregon",53800,63,71
2016,Stanford,David Shaw,Pac12,2224435,2015,12,2,86,"Stanford, California",50000,88,95
2017,Washington,Chris Petersen,Pac12,3600000,2016,12,2,86,"Seattle, Washington",72500,66,84
2015,Oregon,Mark Helfrich,Pac12,2000000,2014,13,2,87,"Eugene, Oregon",53800,63,71
2020,Vanderbilt,Derek Mason,SEC,3400000,2019,0,9,0,"Nashville, Tennessee",41448,84,95
2019,Arkansas,Chad Morris,SEC,3500000,2018,2,10,17,"Fayetteville, Arkansas",72000,42,56
2020,South Carolina,Will Muschamp,SEC,4600000,2019,2,8,20,"Columbia, South Carolina",80250,63,93
2016,South Carolina,Steve Spurrier,SEC,4000000,2015,3,9,25,"Columbia, South Carolina",80250,63,93
2015,Vanderbilt,Derek Mason,SEC,2556877,2014,3,9,25,"Nashville, Tennessee",41448,84,95
2019,Vanderbilt,Derek Mason,SEC,2812523,2018,3,9,25,"Nashville, Tennessee",41448,84,95
2020,Arkansas,Sam Pittman,SEC,3000000,2019,3,7,30,"Fayetteville, Arkansas",72000,42,56
2020,Tennessee,Jeremy Pruitt,SEC,3846000,2019,3,7,30,"Knoxville, Tennessee",102455,59,74
2018,Arkansas,Bret Bielema,SEC,4200000,2017,4,8,33,"Fayetteville, Arkansas",72000,42,56
2019,Mississippi,Matt Luke,SEC,3000000,2018,4,8,33,"University, Mississippi",60580,52,68
2017,Missouri,Barry Odom,SEC,2350000,2016,4,8,33,"Columbia, Missouri",71004,77,89
2019,South Carolina,Will Muschamp,SEC,4200000,2018,4,8,33,"Columbia, South Carolina",80250,63,93
2018,Tennessee,Butch Jones,SEC,4110000,2017,4,8,33,"Knoxville, Tennessee",102455,59,74
2016,Vanderbilt,Derek Mason,SEC,2556877,2015,4,8,33,"Nashville, Tennessee",41448,84,95
2018,Florida,Jim McElwain,SEC,4457400,2017,4,7,36,"Gainesville, Florida",88548,42,74
2020,Mississippi State,Mike Leach,SEC,5000000,2019,4,7,36,"Mississippi State, Mississippi",61337,68,83
2015,Kentucky,Mark Stoops,SEC,2700000,2014,5,7,42,"Lexington, Kentucky",67606,54,74
2016,Kentucky,Mark Stoops,SEC,3250000,2015,5,7,42,"Lexington, Kentucky",67606,54,74
2017,Mississippi,Hugh Freeze,SEC,4700000,2016,5,7,42,"University, Mississippi",60580,52,68
2016,Missouri,Gary Pinkel,SEC,3768889,2015,5,7,42,"Columbia, Missouri",71004,77,89
2018,Vanderbilt,Derek Mason,SEC,2721834,2017,5,7,42,"Nashville, Tennessee",41448,84,95
2020,Kentucky,Mark Stoops,SEC,5000000,2019,5,6,45,"Lexington, Kentucky",67606,54,74
2017,Mississippi State,Dan Mullen,SEC,4200000,2016,6,7,46,"Mississippi State, Mississippi",61337,68,83
2019,Mississippi State,Joe Moorhead,SEC,2600000,2018,6,7,46,"Mississippi State, Mississippi",61337,68,83
2017,South Carolina,Will Muschamp,SEC,3000000,2016,6,7,46,"Columbia, South Carolina",80250,63,93
2017,Vanderbilt,Derek Mason,SEC,2556877,2016,6,7,46,"Nashville, Tennessee",41448,84,95
2020,Louisiana State,Ed Orgeron,SEC,8687500,2019,5,5,50,"Baton Rouge, Louisiana",92400,41,73
2018,Mississippi,Matt Luke,SEC,1160000,2017,6,6,50,"University, Mississippi",60580,52,68
2020,Mississippi,Lane Kiffin,SEC,3900000,2019,5,5,50,"University, Mississippi",60580,52,68
2019,Missouri,Barry Odom,SEC,2350000,2018,6,6,50,"Columbia, Missouri",71004,77,89
2020,Missouri,Eliah Drinkwitz,SEC,4025000,2019,5,5,50,"Columbia, Missouri",71004,77,89
2015,Arkansas,Bret Bielema,SEC,3200000,2014,7,6,54,"Fayetteville, Arkansas",72000,42,56
2017,Arkansas,Bret Bielema,SEC,4100000,2016,7,6,54,"Fayetteville, Arkansas",72000,42,56
2016,Auburn,Gus Malzahn,SEC,4100000,2015,7,6,54,"Auburn, Alabama",87451,60,72
2017,Kentucky,Mark Stoops,SEC,3500000,2016,7,6,54,"Lexington, Kentucky",67606,54,74
2018,Kentucky,Mark Stoops,SEC,3750000,2017,7,6,54,"Lexington, Kentucky",67606,54,74
2018,Missouri,Barry Odom,SEC,2350000,2017,7,6,54,"Columbia, Missouri",71004,77,89
2015,South Carolina,Steve Spurrier,SEC,4000000,2014,7,6,54,"Columbia, South Carolina",80250,63,93
2015,Tennessee,Butch Jones,SEC,2960000,2014,7,6,54,"Knoxville, Tennessee",102455,59,74
2018,Texas A&M,Kevin Sumlin,SEC,5000000,2017,7,6,54,"College Station, Texas",12989,60,71
2020,Auburn,Gus Malzahn,SEC,6900000,2019,6,5,55,"Auburn, Alabama",87451,60,72
2015,Florida,Will Muschamp,SEC,2724500,2014,7,5,58,"Gainesville, Florida",88548,42,74
2016,Arkansas,Bret Bielema,SEC,3954166,2015,8,5,62,"Fayetteville, Arkansas",72000,42,56
2015,Auburn,Gus Malzahn,SEC,3850000,2014,8,5,62,"Auburn, Alabama",87451,60,72
2017,Auburn,Gus Malzahn,SEC,6700000,2016,8,5,62,"Auburn, Alabama",87451,60,72
2017,Georgia,Kirby Smart,SEC,3753600,2016,8,5,62,"Athens, Georgia",92746,42,58
2019,Kentucky,Mark Stoops,SEC,4013600,2018,8,5,62,"Lexington, Kentucky",67606,54,74
2015,Louisiana State,Les Miles,SEC,4300000,2014,8,5,62,"Baton Rouge, Louisiana",92400,41,73
2019,Tennessee,Jeremy Pruitt,SEC,3846000,2018,8,5,62,"Knoxville, Tennessee",102455,59,74
2015,Texas A&M,Kevin Sumlin,SEC,5000000,2014,8,5,62,"College Station, Texas",12989,60,71
2016,Texas A&M,Kevin Sumlin,SEC,5000000,2015,8,5,62,"College Station, Texas",12989,60,71
2017,Texas A&M,Kevin Sumlin,SEC,5000000,2016,8,5,62,"College Station, Texas",12989,60,71
2019,Texas A&M,Jimbo Fisher,SEC,7500000,2018,8,5,62,"College Station, Texas",12989,60,71
2020,Florida,Dan Mullen,SEC,6070000,2019,8,4,67,"Gainesville, Florida",88548,42,74
2017,Louisiana State,Les Miles,SEC,4300000,2016,8,4,67,"Baton Rouge, Louisiana",92400,41,73
2019,Auburn,Gus Malzahn,SEC,6705656,2018,9,4,69,"Auburn, Alabama",87451,60,72
2017,Florida,Jim McElwain,SEC,4268325,2016,9,4,69,"Gainesville, Florida",88548,42,74
2018,Louisiana State,Ed Orgeron,SEC,3500000,2017,9,4,69,"Baton Rouge, Louisiana",92400,41,73
2015,Mississippi,Hugh Freeze,SEC,3000000,2014,9,4,69,"University, Mississippi",60580,52,68
2016,Mississippi State,Dan Mullen,SEC,4000000,2015,9,4,69,"Mississippi State, Mississippi",61337,68,83
2018,Mississippi State,Dan Mullen,SEC,4500000,2017,9,4,69,"Mississippi State, Mississippi",61337,68,83
2018,South Carolina,Will Muschamp,SEC,3100000,2017,9,4,69,"Columbia, South Carolina",80250,63,93
2016,Tennessee,Butch Jones,SEC,3610000,2015,9,4,69,"Knoxville, Tennessee",102455,59,74
2017,Tennessee,Butch Jones,SEC,4110000,2016,9,4,69,"Knoxville, Tennessee",102455,59,74
2018,Auburn,Gus Malzahn,SEC,4725000,2017,10,4,71,"Auburn, Alabama",87451,60,72
2016,Florida,Jim McElwain,SEC,3983359,2015,10,4,71,"Gainesville, Florida",88548,42,74
2016,Louisiana State,Les Miles,SEC,4300000,2015,9,3,75,"Baton Rouge, Louisiana",92400,41,73
2015,Georgia,Mark Richt,SEC,3200000,2014,10,3,77,"Athens, Georgia",92746,42,58
2016,Georgia,Mark Richt,SEC,4000000,2015,10,3,77,"Athens, Georgia",92746,42,58
2016,Mississippi,Hugh Freeze,SEC,4300000,2015,10,3,77,"University, Mississippi",60580,52,68
2015,Mississippi State,Dan Mullen,SEC,3000000,2014,10,3,77,"Mississippi State, Mississippi",61337,68,83
2015,Missouri,Gary Pinkel,SEC,3400000,2014,11,3,79,"Columbia, Missouri",71004,77,89
2020,Georgia,Kirby Smart,SEC,6803600,2019,8,2,80,"Athens, Georgia",92746,42,58
2019,Alabama,Nick Saban,SEC,8307000,2018,11,2,85,"Tuscaloosa, Alabama",101821,63,84
2019,Florida,Dan Mullen,SEC,6070000,2018,11,2,85,"Gainesville, Florida",88548,42,74
2015,Alabama,Nick Saban,SEC,6950203,2014,12,2,86,"Tuscaloosa, Alabama",101821,63,84
2019,Georgia,Kirby Smart,SEC,6603600,2018,12,2,86,"Athens, Georgia",92746,42,58
2018,Georgia,Kirby Smart,SEC,3753600,2017,13,2,87,"Athens, Georgia",92746,42,58
2020,Texas A&M,Jimbo Fisher,SEC,7500000,2019,9,1,90,"College Station, Texas",12989,60,71
2016,Alabama,Nick Saban,SEC,6939395,2015,14,1,93,"Tuscaloosa, Alabama",101821,63,84
2017,Alabama,Nick Saban,SEC,6939395,2016,14,1,93,"Tuscaloosa, Alabama",101821,63,84
2018,Alabama,Nick Saban,SEC,11132000,2017,13,1,93,"Tuscaloosa, Alabama",101821,63,84
2020,Alabama,Nick Saban,SEC,9100000,2019,13,0,100,"Tuscaloosa, Alabama",101821,63,84
2019,Louisiana State,Ed Orgeron,SEC,3500000,2018,15,0,100,"Baton Rouge, Louisiana",92400,41,73
2020,Louisiana-Monroe,Matt Viator,SunBelt,390000,2019,0,10,0,"Monroe, Louisiana",30427,63,72
2015,Georgia State,Trent Miles,SunBelt,510000,2014,1,11,8,"Atlanta, Georgia",24333,71,60
2015,Idaho,Paul Petrino,SunBelt,400011,2014,1,10,9,"Moscow, Idaho",16000,32,52
2016,Louisiana-Monroe,Todd Berry,SunBelt,360000,2015,2,11,15,"Monroe, Louisiana",30427,63,72
2018,Georgia Southern,Tyson Summers,SunBelt,530000,2017,2,10,17,"Statesboro, Georgia",24300,50,62
2015,New Mexico State,Doug Martin,SunBelt,376044,2014,2,10,17,"Las Cruces, New Mexico",30343,63,73
2019,South Alabama,Steve Campbell,SunBelt,600000,2018,2,10,17,"Mobile, Alabama",25450,55,66
2017,Texas State,Everett Withers,SunBelt,650000,2016,2,10,17,"San Marcos, Texas",30000,63,71
2018,Texas State,Everett Withers,SunBelt,675000,2017,2,10,17,"San Marcos, Texas",30000,63,71
2020,Texas State,Jake Spavital,SunBelt,800000,2019,2,10,17,"San Marcos, Texas",30000,63,71
2018,Coastal Carolina,Joe Moglia,SunBelt,400000,2017,3,9,25,"Conway, South Carolina",9214,58,73
2017,Georgia State,Trent Miles,SunBelt,537405,2016,3,9,25,"Atlanta, Georgia",24333,71,60
2016,New Mexico State,Doug Martin,SunBelt,376044,2015,3,9,25,"Las Cruces, New Mexico",30343,63,73
2017,New Mexico State,Doug Martin,SunBelt,376044,2016,3,9,25,"Las Cruces, New Mexico",30343,63,73
2016,Texas State,Dennis Franchione,SunBelt,425000,2015,3,9,25,"San Marcos, Texas",30000,63,71
2019,Texas State,Everett Withers,SunBelt,700000,2018,3,9,25,"San Marcos, Texas",30000,63,71
2015,Troy,Larry Blakeney,SunBelt,518788,2014,3,9,25,"Troy, Alabama",30000,57,73
2016,Idaho,Paul Petrino,SunBelt,413526,2015,4,8,33,"Moscow, Idaho",16000,32,52
2018,Idaho,Paul Petrino,SunBelt,446214,2017,4,8,33,"Moscow, Idaho",16000,32,52
2016,Louisiana-Lafayette,Mark Hudspeth,SunBelt,1050000,2015,4,8,33,"Lafayette, Louisiana",31000,61,74
2015,Louisiana-Monroe,Todd Berry,SunBelt,357000,2014,4,8,33,"Monroe, Louisiana",30427,63,72
2017,Louisiana-Monroe,Matt Viator,SunBelt,390000,2016,4,8,33,"Monroe, Louisiana",30427,63,72
2018,Louisiana-Monroe,Matt Viator,SunBelt,390000,2017,4,8,33,"Monroe, Louisiana",30427,63,72
2018,South Alabama,Joey Jones,SunBelt,535260,2017,4,8,33,"Mobile, Alabama",25450,55,66
2016,Troy,Neal Brown,SunBelt,660000,2015,4,8,33,"Troy, Alabama",30000,57,73
2020,Arkansas State,Blake Anderson,SunBelt,825000,2019,4,7,36,"State University, Arkansas",30964,68,83
2019,Idaho,Paul Petrino,SunBelt,446214,2018,4,7,36,"Moscow, Idaho",16000,32,52
2020,South Alabama,Steve Campbell,SunBelt,617400,2019,4,7,36,"Mobile, Alabama",25450,55,66
2019,Coastal Carolina,Joe Moglia,SunBelt,400000,2018,5,7,42,"Conway, South Carolina",9214,58,73
2017,Georgia Southern,Tyson Summers,SunBelt,500000,2016,5,7,42,"Statesboro, Georgia",24300,50,62
2020,Idaho,Paul Petrino,SunBelt,446214,2019,5,7,42,"Moscow, Idaho",16000,32,52
2018,Louisiana-Lafayette,Mark Hudspeth,SunBelt,1150000,2017,5,7,42,"Lafayette, Louisiana",31000,61,74
2019,Louisiana-Monroe,Matt Viator,SunBelt,390000,2018,5,7,42,"Monroe, Louisiana",30427,63,72
2016,South Alabama,Joey Jones,SunBelt,525000,2015,5,7,42,"Mobile, Alabama",25450,55,66
2019,Troy,Neal Brown,SunBelt,810000,2018,5,7,42,"Troy, Alabama",30000,57,73
2020,Troy,Chip Lindsey,SunBelt,675000,2019,5,6,45,"Troy, Alabama",30000,57,73
2016,Georgia State,Trent Miles,SunBelt,523500,2015,6,7,46,"Atlanta, Georgia",24333,71,60
2017,Louisiana-Lafayette,Mark Hudspeth,SunBelt,1100000,2016,6,7,46,"Lafayette, Louisiana",31000,61,74
2015,South Alabama,Joey Jones,SunBelt,435000,2014,6,7,46,"Mobile, Alabama",25450,55,66
2017,South Alabama,Joey Jones,SunBelt,525000,2016,6,7,46,"Mobile, Alabama",25450,55,66
2015,Arkansas State,Blake Anderson,SunBelt,700000,2014,7,6,54,"State University, Arkansas",30964,68,83
2019,Georgia Southern,Chad Lunsford,SunBelt,650000,2018,7,6,54,"Statesboro, Georgia",24300,50,62
2019,Georgia State,Shawn Elliott,SunBelt,569000,2018,7,6,54,"Atlanta, Georgia",24333,71,60
2018,New Mexico State,Doug Martin,SunBelt,376044,2017,7,6,54,"Las Cruces, New Mexico",30343,63,73
2015,Appalachian State,Scott Satterfield,SunBelt,225000,2014,7,5,58,"Boone, North Carolina",24050,67,71
2018,Arkansas State,Blake Anderson,SunBelt,750000,2017,7,5,58,"State University, Arkansas",30964,68,83
2018,Georgia State,Shawn Elliott,SunBelt,565000,2017,7,5,58,"Atlanta, Georgia",24333,71,60
2015,Texas State,Dennis Franchione,SunBelt,400000,2014,7,5,58,"San Marcos, Texas",30000,63,71
2020,Georgia State,Shawn Elliott,SunBelt,604800,2019,6,4,60,"Atlanta, Georgia",24333,71,60
2017,Arkansas State,Blake Anderson,SunBelt,825000,2016,8,5,62,"State University, Arkansas",30964,68,83
2019,Arkansas State,Blake Anderson,SunBelt,825000,2018,8,5,62,"State University, Arkansas",30964,68,83
2020,Georgia Southern,Chad Lunsford,SunBelt,680000,2019,8,5,62,"Statesboro, Georgia",24300,50,62
2018,Appalachian State,Scott Satterfield,SunBelt,675000,2017,9,4,69,"Boone, North Carolina",24050,67,71
2016,Arkansas State,Blake Anderson,SunBelt,700000,2015,9,4,69,"State University, Arkansas",30964,68,83
2016,Georgia Southern,Willie Fritz,SunBelt,500000,2015,9,4,69,"Statesboro, Georgia",24300,50,62
2017,Idaho,Paul Petrino,SunBelt,417104,2016,9,4,69,"Moscow, Idaho",16000,32,52
2015,Louisiana-Lafayette,Mark Hudspeth,SunBelt,1000000,2014,9,4,69,"Lafayette, Louisiana",31000,61,74
2020,Appalachian State,Shawn Clark,SunBelt,750000,2019,9,3,75,"Boone, North Carolina",24050,67,71
2016,Coastal Carolina,Joe Moglia,SunBelt,400000,2015,9,3,75,"Conway, South Carolina",9214,58,73
2015,Georgia Southern,Willie Fritz,SunBelt,400000,2014,9,3,75,"Statesboro, Georgia",24300,50,62
2017,Appalachian State,Scott Satterfield,SunBelt,525000,2016,10,3,77,"Boone, North Carolina",24050,67,71
2017,Troy,Neal Brown,SunBelt,660000,2016,10,3,77,"Troy, Alabama",30000,57,73
2019,Louisiana-Lafayette,Billy Napier,SunBelt,850000,2018,11,3,79,"Lafayette, Louisiana",31000,61,74
2017,Coastal Carolina,Joe Moglia,SunBelt,400000,2016,10,2,83,"Conway, South Carolina",9214,58,73
2016,Appalachian State,Scott Satterfield,SunBelt,375000,2015,11,2,85,"Boone, North Carolina",24050,67,71
2018,Troy,Neal Brown,SunBelt,800000,2017,11,2,85,"Troy, Alabama",30000,57,73
2015,Coastal Carolina,Joe Moglia,SunBelt,400000,2014,12,2,86,"Conway, South Carolina",9214,58,73
2020,Louisiana-Lafayette,Billy Napier,SunBelt,1005000,2019,10,1,91,"Lafayette, Louisiana",31000,61,74
2020,Coastal Carolina,Jamey Chadwell,SunBelt,375000,2019,11,1,92,"Conway, South Carolina",9214,58,73
2019,Appalachian State,Scott Satterfield,SunBelt,712500,2018,13,1,93,"Boone, North Carolina",24050,67,71
